<?xml version="1.0" encoding="UTF-8"?>
<!DOCTYPE beans PUBLIC "-//SPRING//DTD BEAN//EN" "http://www.springframework.org/dtd/spring-beans.dtd">

<beans>
	<bean id="propertyConfigurer" class="org.springframework.beans.factory.config.PropertyPlaceholderConfigurer">
		<property name="locations">
			<list>
				<value>email-application.properties</value>
				<value>jdbc.ae.properties</value>
			</list>
		</property>
	</bean>

	<bean id="aeDataSource" class="com.tandem.t4jdbc.SQLMXDataSource">
		<constructor-arg>
			<props>
				<prop key="url">${system.ae.url}</prop>
				<prop key="user">${ae.jdbc.user}</prop>
				<prop key="password">${system.ae.password}</prop>
				<prop key="catalog">${ae.jdbc.catalog}</prop>
				<prop key="schema">${schema}</prop>
				<prop key="connectionTimeout">0</prop>
				<prop key="t4LogLevel">FINEST</prop>
				<prop key="minPoolSize">2</prop>
				<prop key="maxPoolSize">5</prop>
				<prop key="maxStatements">25</prop>
				<prop key="useExecuteBatchNewApi">NO</prop>
			</props>
		</constructor-arg>
	</bean>

	<bean id="aeJdbcTemplate" class="org.springframework.jdbc.core.JdbcTemplate">
		<property name="dataSource"><ref local="aeDataSource"/></property>
		<property name="fetchSize"><value>${ae.jdbc.fetchSize}</value></property>
		<property name="maxRows"><value>${ae.jdbc.maxRows}</value></property>
	</bean>
	
	<bean id="emailDAO" class="com.efunds.gov.email.batch.dao.MailerDAOImpl">
		<property name="jdbcTemplate"><ref local="aeJdbcTemplate"/></property>
	</bean>	
	
	<bean id="emailer" class="com.efunds.gov.email.batch.mailer.Mailer">
		<property name="host"><value>${mail.server}</value></property>
		<property name="from"><value>${send.mail.from}</value></property>
		<property name="to"><value>${send.mail.to}</value></property>
	</bean>
	
	<bean id="emailProcessor" class="com.efunds.gov.email.batch.mailer.MailProcessorImpl">
		<property name="mailer"><ref local="emailer"/></property>
		<property name="emailDAO"><ref local="emailDAO"/></property>
		<property name="agency"><value>${agency}</value></property>
	</bean>

	
	<bean id="emailController" class="com.efunds.gov.email.batch.controller.MailerController">
		<property name="emailDAO"><ref local="emailDAO"/></property>
		<property name="emailProcessor"><ref local="emailProcessor"/></property>
		<property name="dateOfRun"><value>${dateOfRun}</value></property>		
	</bean>
	
</beans>	